name,label,component,role_hint,stateful,triangles,upward_support_candidates,complex_collision
StaticMeshActor_250,신전_정면벽_-1,StaticMeshComponent0,wall_or_railing,False,12,2,False
StaticMeshActor_251,신전_정면벽_1,StaticMeshComponent0,wall_or_railing,False,12,2,False
StaticMeshActor_252,유일입구_상인방,StaticMeshComponent0,unclassified_geometry,False,12,2,False
StaticMeshActor_253,신전_오른쪽벽,StaticMeshComponent0,wall_or_railing,False,12,2,False
StaticMeshActor_254,신전_후면막힌벽,StaticMeshComponent0,wall_or_railing,False,12,2,False
StaticMeshActor_255,신전_왼벽_앞,StaticMeshComponent0,wall_or_railing,False,12,2,False
StaticMeshActor_256,신전_왼벽_뒤,StaticMeshComponent0,wall_or_railing,False,12,2,False
StaticMeshActor_257,관찰틈_막힌하부,StaticMeshComponent0,unclassified_geometry,False,12,2,False
StaticMeshActor_258,관찰틈_상부,StaticMeshComponent0,unclassified_geometry,False,12,2,False
StaticMeshActor_265,신전기둥_21600_-1250,StaticMeshComponent0,wall_or_railing,False,124,30,False
StaticMeshActor_266,주두_21600_-1250,StaticMeshComponent0,unclassified_geometry,False,12,2,False
StaticMeshActor_267,신전기둥_21600_1250,StaticMeshComponent0,wall_or_railing,False,124,30,False
StaticMeshActor_268,주두_21600_1250,StaticMeshComponent0,unclassified_geometry,False,12,2,False
StaticMeshActor_269,신전기둥_22100_-1250,StaticMeshComponent0,wall_or_railing,False,124,30,False
StaticMeshActor_270,주두_22100_-1250,StaticMeshComponent0,unclassified_geometry,False,12,2,False
StaticMeshActor_271,신전기둥_22100_1250,StaticMeshComponent0,wall_or_railing,False,124,30,False
StaticMeshActor_272,주두_22100_1250,StaticMeshComponent0,unclassified_geometry,False,12,2,False
StaticMeshActor_275,신전기둥_22600_1250,StaticMeshComponent0,wall_or_railing,False,124,30,False
StaticMeshActor_276,주두_22600_1250,StaticMeshComponent0,unclassified_geometry,False,12,2,False
StaticMeshActor_277,신전기둥_23100_-1250,StaticMeshComponent0,wall_or_railing,False,124,30,False
StaticMeshActor_278,주두_23100_-1250,StaticMeshComponent0,unclassified_geometry,False,12,2,False
StaticMeshActor_279,신전기둥_23100_1250,StaticMeshComponent0,wall_or_railing,False,124,30,False
StaticMeshActor_280,주두_23100_1250,StaticMeshComponent0,unclassified_geometry,False,12,2,False
StaticMeshActor_281,신전기둥_23600_-1250,StaticMeshComponent0,wall_or_railing,False,124,30,False
StaticMeshActor_282,주두_23600_-1250,StaticMeshComponent0,unclassified_geometry,False,12,2,False
StaticMeshActor_283,신전기둥_23600_1250,StaticMeshComponent0,wall_or_railing,False,124,30,False
StaticMeshActor_284,주두_23600_1250,StaticMeshComponent0,unclassified_geometry,False,12,2,False
StaticMeshActor_285,신전기둥_24100_-1250,StaticMeshComponent0,wall_or_railing,False,124,30,False
StaticMeshActor_286,주두_24100_-1250,StaticMeshComponent0,unclassified_geometry,False,12,2,False
StaticMeshActor_287,신전기둥_24100_1250,StaticMeshComponent0,wall_or_railing,False,124,30,False
StaticMeshActor_288,주두_24100_1250,StaticMeshComponent0,unclassified_geometry,False,12,2,False
StaticMeshActor_289,신전_경사지붕_-650,StaticMeshComponent0,stairs_or_ramp,False,12,2,False
StaticMeshActor_290,신전_경사지붕_650,StaticMeshComponent0,stairs_or_ramp,False,12,2,False
StaticMeshActor_291,신전_입구안쪽차폐벽,StaticMeshComponent0,wall_or_railing,False,12,2,False
StaticMeshActor_292,쓰러진기둥_옛길만차단,StaticMeshComponent0,wall_or_railing,False,124,16,False
StaticMeshActor_293,쓰러진기둥_주두,StaticMeshComponent0,wall_or_railing,False,12,2,False
StaticMeshActor_294,천막_0_지붕_-125,StaticMeshComponent0,unclassified_geometry,False,12,2,False
StaticMeshActor_295,천막_0_지붕_125,StaticMeshComponent0,unclassified_geometry,False,12,2,False
StaticMeshActor_296,천막_0_기둥_-190,StaticMeshComponent0,wall_or_railing,False,12,2,False
StaticMeshActor_297,천막_0_기둥_190,StaticMeshComponent0,wall_or_railing,False,12,2,False
StaticMeshActor_298,천막_1_지붕_-125,StaticMeshComponent0,unclassified_geometry,False,12,2,False
StaticMeshActor_299,천막_1_지붕_125,StaticMeshComponent0,unclassified_geometry,False,12,2,False
StaticMeshActor_300,천막_1_기둥_-190,StaticMeshComponent0,wall_or_railing,False,12,2,False
StaticMeshActor_301,천막_1_기둥_190,StaticMeshComponent0,wall_or_railing,False,12,2,False
StaticMeshActor_107,V05_기존계단보존_15000_-6000,StaticMeshComponent0,stairs_or_ramp,False,12,2,True
StaticMeshActor_108,V05_기존계단보존_15000_-4000,StaticMeshComponent0,stairs_or_ramp,False,200,37,True
StaticMeshActor_109,V05_기존계단보존_15000_-2000,StaticMeshComponent0,stairs_or_ramp,False,76,15,True
StaticMeshActor_110,V05_기존계단보존_17000_-6000,StaticMeshComponent0,stairs_or_ramp,False,176,33,True
StaticMeshActor_111,V05_기존계단보존_17000_-4000,StaticMeshComponent0,stairs_or_ramp,False,280,51,True
StaticMeshActor_113,V05_기존계단보존_19000_-6000,StaticMeshComponent0,stairs_or_ramp,False,56,7,True
StaticMeshActor_114,V05_기존계단보존_19000_-4000,StaticMeshComponent0,stairs_or_ramp,False,624,82,True
StaticMeshActor_115,V05_기존계단보존_19000_-2000,StaticMeshComponent0,stairs_or_ramp,False,92,14,True
StaticMeshActor_116,V05_기존계단보존_19000_0,StaticMeshComponent0,stairs_or_ramp,False,60,9,True
StaticMeshActor_118,V05_기존계단보존_21000_-4000,StaticMeshComponent0,stairs_or_ramp,False,76,10,True
StaticMeshActor_119,V05_기존계단보존_21000_-2000,StaticMeshComponent0,stairs_or_ramp,False,112,20,True
StaticMeshActor_120,V05_기존계단보존_21000_0,StaticMeshComponent0,stairs_or_ramp,False,92,16,True
StaticMeshActor_122,V05_기존계단보존_23000_-4000,StaticMeshComponent0,stairs_or_ramp,False,68,10,True
StaticMeshActor_123,V05_기존계단보존_23000_-2000,StaticMeshComponent0,stairs_or_ramp,False,12,2,True
StaticMeshActor_124,V05_기존계단보존_23000_0,StaticMeshComponent0,stairs_or_ramp,False,12,2,True
StaticMeshActor_128,V05_기존계단보존_25000_-2000,StaticMeshComponent0,stairs_or_ramp,False,12,2,True
StaticMeshActor_129,V05_기존계단보존_25000_0,StaticMeshComponent0,stairs_or_ramp,False,12,2,True
StaticMeshActor_133,V05_왼쪽진입계단_00,StaticMeshComponent0,stairs_or_ramp,False,200,33,True
StaticMeshActor_134,V05_왼쪽진입계단_01,StaticMeshComponent0,stairs_or_ramp,False,12,2,True
StaticMeshActor_135,V05_왼쪽진입계단_02,StaticMeshComponent0,stairs_or_ramp,False,12,2,True
StaticMeshActor_136,V05_왼쪽진입계단_03,StaticMeshComponent0,stairs_or_ramp,False,12,2,True
StaticMeshActor_137,V05_왼쪽진입계단_04,StaticMeshComponent0,stairs_or_ramp,False,12,2,True
StaticMeshActor_138,V05_왼쪽진입계단_05,StaticMeshComponent0,stairs_or_ramp,False,12,2,True
StaticMeshActor_139,V05_왼쪽진입계단_06,StaticMeshComponent0,stairs_or_ramp,False,12,2,True
StaticMeshActor_140,V05_왼쪽진입계단_07,StaticMeshComponent0,stairs_or_ramp,False,12,2,True
StaticMeshActor_141,V05_왼쪽진입계단_08,StaticMeshComponent0,stairs_or_ramp,False,12,2,True
StaticMeshActor_142,V05_왼쪽진입계단_09,StaticMeshComponent0,stairs_or_ramp,False,12,2,True
StaticMeshActor_143,V05_왼쪽진입계단_10,StaticMeshComponent0,stairs_or_ramp,False,12,2,True
StaticMeshActor_144,V05_왼쪽진입계단_11,StaticMeshComponent0,stairs_or_ramp,False,12,2,True
StaticMeshActor_145,V05_붕괴확인_작은폐허마당,StaticMeshComponent0,unclassified_geometry,False,20,4,True
StaticMeshActor_146,V05_신전왼쪽_관찰마당,StaticMeshComponent0,unclassified_geometry,False,24,4,True
StaticMeshActor_147,V05_열린마당_15100_-1600,StaticMeshComponent0,unclassified_geometry,False,12,2,True
StaticMeshActor_148,V05_열린마당_15100_-200,StaticMeshComponent0,unclassified_geometry,False,12,2,True
StaticMeshActor_151,V05_열린마당_15500_1200,StaticMeshComponent0,unclassified_geometry,False,12,2,True
StaticMeshActor_155,V05_열린마당_16400_1200,StaticMeshComponent0,unclassified_geometry,False,16,3,True
StaticMeshActor_156,V05_열린마당_16400_2600,StaticMeshComponent0,unclassified_geometry,False,12,2,True
StaticMeshActor_157,V05_열린마당_16400_4000,StaticMeshComponent0,unclassified_geometry,False,12,2,True
StaticMeshActor_161,V05_열린마당_17800_1200,StaticMeshComponent0,unclassified_geometry,False,12,2,True
StaticMeshActor_162,V05_열린마당_17800_2600,StaticMeshComponent0,unclassified_geometry,False,12,2,True
StaticMeshActor_163,V05_열린마당_17800_4000,StaticMeshComponent0,unclassified_geometry,False,16,3,True
StaticMeshActor_167,V05_열린마당_19000_1200,StaticMeshComponent0,unclassified_geometry,False,12,2,True
StaticMeshActor_168,V05_열린마당_19000_2600,StaticMeshComponent0,unclassified_geometry,False,20,4,True
StaticMeshActor_169,V05_열린마당_19000_4000,StaticMeshComponent0,unclassified_geometry,False,8,1,True
StaticMeshActor_170,V05_열린마당_20000_-200,StaticMeshComponent0,unclassified_geometry,False,16,3,True
StaticMeshActor_171,V05_열린마당_20000_1200,StaticMeshComponent0,unclassified_geometry,False,16,3,True
StaticMeshActor_172,V05_열린마당_20000_2600,StaticMeshComponent0,unclassified_geometry,False,8,1,True
StaticMeshActor_173,V05_열린마당_20380_-200,StaticMeshComponent0,unclassified_geometry,False,12,2,True
StaticMeshActor_174,V05_열린마당_20380_1200,StaticMeshComponent0,unclassified_geometry,False,12,2,True
StaticMeshActor_175,V05_외곽경계_15000_-4800,StaticMeshComponent0,unclassified_geometry,False,328,55,True
StaticMeshActor_176,V05_외곽경계_15000_-3200,StaticMeshComponent0,unclassified_geometry,False,876,152,True
StaticMeshActor_177,V05_외곽경계_15000_-1600,StaticMeshComponent0,unclassified_geometry,False,1108,181,True
StaticMeshActor_178,V05_외곽경계_15000_0,StaticMeshComponent0,unclassified_geometry,False,1072,186,True
StaticMeshActor_179,V05_외곽경계_15000_1600,StaticMeshComponent0,unclassified_geometry,False,544,94,True
StaticMeshActor_180,V05_외곽경계_16600_-4800,StaticMeshComponent0,unclassified_geometry,False,1456,258,True
StaticMeshActor_181,V05_외곽경계_16600_-3200,StaticMeshComponent0,unclassified_geometry,False,904,145,True
StaticMeshActor_182,V05_외곽경계_16600_1600,StaticMeshComponent0,unclassified_geometry,False,300,50,True
StaticMeshActor_183,V05_외곽경계_16600_3200,StaticMeshComponent0,unclassified_geometry,False,832,141,True
StaticMeshActor_185,V05_외곽경계_18200_-4800,StaticMeshComponent0,unclassified_geometry,False,1108,192,True
StaticMeshActor_186,V05_외곽경계_18200_-3200,StaticMeshComponent0,unclassified_geometry,False,1004,122,True
StaticMeshActor_187,V05_외곽경계_18200_3200,StaticMeshComponent0,unclassified_geometry,False,832,142,True
StaticMeshActor_190,V05_외곽경계_19800_-4800,StaticMeshComponent0,unclassified_geometry,False,632,86,True
StaticMeshActor_191,V05_외곽경계_19800_-3200,StaticMeshComponent0,unclassified_geometry,False,240,23,True
StaticMeshActor_192,V05_외곽경계_19800_-1600,StaticMeshComponent0,unclassified_geometry,False,112,19,True
StaticMeshActor_193,V05_외곽경계_19800_0,StaticMeshComponent0,unclassified_geometry,False,764,137,True
StaticMeshActor_194,V05_외곽경계_19800_1600,StaticMeshComponent0,unclassified_geometry,False,772,132,True
StaticMeshActor_195,V05_외곽경계_19800_3200,StaticMeshComponent0,unclassified_geometry,False,292,52,True
StaticMeshActor_197,V05_외곽경계_21400_-4800,StaticMeshComponent0,unclassified_geometry,False,64,11,True
StaticMeshActor_198,V05_외곽경계_21400_-3200,StaticMeshComponent0,unclassified_geometry,False,28,5,True
StaticMeshActor_199,V05_외곽경계_21400_-1600,StaticMeshComponent0,unclassified_geometry,False,404,67,True
StaticMeshActor_200,V05_외곽경계_21400_0,StaticMeshComponent0,unclassified_geometry,False,672,114,True
StaticMeshActor_201,V05_외곽경계_21400_1600,StaticMeshComponent0,unclassified_geometry,False,780,133,True
StaticMeshActor_204,V05_외곽경계_23000_-3200,StaticMeshComponent0,unclassified_geometry,False,236,23,True
StaticMeshActor_205,V05_외곽경계_23000_1600,StaticMeshComponent0,unclassified_geometry,False,576,96,True
StaticMeshActor_209,V05_외곽경계_24600_-3200,StaticMeshComponent0,unclassified_geometry,False,684,117,True
StaticMeshActor_210,V05_외곽경계_24600_-1600,StaticMeshComponent0,unclassified_geometry,False,828,138,True
StaticMeshActor_211,V05_외곽경계_24600_0,StaticMeshComponent0,unclassified_geometry,False,828,138,True
StaticMeshActor_212,V05_외곽경계_24600_1600,StaticMeshComponent0,unclassified_geometry,False,684,117,True
StaticMeshActor_224,낮은지형덩어리_2,StaticMeshComponent0,unclassified_geometry,False,12,2,False
StaticMeshActor_225,폐허벽잔존_2,StaticMeshComponent0,wall_or_railing,False,12,2,False
StaticMeshActor_241,관찰마당_낮은이동차단난간,StaticMeshComponent0,wall_or_railing,False,168,28,True
StaticMeshActor_0,관찰틈_안쪽막힘면,StaticMeshComponent0,unclassified_geometry,False,12,2,False
StaticMeshActor_1,관찰유도_바깥쪽쓰러진기둥,StaticMeshComponent0,wall_or_railing,False,124,16,False
StaticMeshActor_47,제안_종탑_몸통,StaticMeshComponent0,unclassified_geometry,False,12,2,False
StaticMeshActor_48,제안_종탑_중간처마,StaticMeshComponent0,unclassified_geometry,False,12,2,False
StaticMeshActor_49,제안_종탑_상부기둥_-1_-1,StaticMeshComponent0,wall_or_railing,False,12,2,False
StaticMeshActor_50,제안_종탑_상부기둥_-1_1,StaticMeshComponent0,wall_or_railing,False,12,2,False
StaticMeshActor_51,제안_종탑_상부기둥_1_-1,StaticMeshComponent0,wall_or_railing,False,12,2,False
StaticMeshActor_52,제안_종탑_상부기둥_1_1,StaticMeshComponent0,wall_or_railing,False,12,2,False
StaticMeshActor_53,제안_종탑_상부인방,StaticMeshComponent0,unclassified_geometry,False,12,2,False
StaticMeshActor_54,제안_종탑_작은지붕_-1,StaticMeshComponent0,unclassified_geometry,False,12,2,False
StaticMeshActor_55,제안_종탑_작은지붕_1,StaticMeshComponent0,unclassified_geometry,False,12,2,False
StaticMeshActor_56,V09_종_몸체,StaticMeshComponent0,unclassified_geometry,False,144,11,False
StaticMeshActor_57,V09_종_입구테두리,StaticMeshComponent0,unclassified_geometry,False,124,30,False
StaticMeshActor_58,V09_종_추,StaticMeshComponent0,unclassified_geometry,False,448,112,False
StaticMeshActor_59,V09_종_매달림,StaticMeshComponent0,unclassified_geometry,False,12,2,False
StaticMeshActor_62,관찰틈_파손벽체,StaticMeshComponent0,wall_or_railing,False,12,2,False
StaticMeshActor_63,관찰유도_쓰러진기둥_주두,StaticMeshComponent0,wall_or_railing,False,12,2,False
StaticMeshActor_64,V05_왼쪽진입계단_1,StaticMeshComponent0,stairs_or_ramp,False,324,54,True
StaticMeshActor_65,V05_왼쪽진입계단_2,StaticMeshComponent0,stairs_or_ramp,False,372,62,True
StaticMeshActor_66,V05_왼쪽진입계단_3,StaticMeshComponent0,stairs_or_ramp,False,384,64,True
StaticMeshActor_67,V05_왼쪽진입계단_4,StaticMeshComponent0,stairs_or_ramp,False,396,66,True
StaticMeshActor_68,V05_왼쪽진입계단_5,StaticMeshComponent0,stairs_or_ramp,False,408,68,True
StaticMeshActor_69,단축순례길_바닥_19000_-5000,StaticMeshComponent0,floor_or_route,False,72,13,True
StaticMeshActor_70,단축순례길_낙차난간_19000_-5000,StaticMeshComponent0,wall_or_railing,False,620,83,True
StaticMeshActor_71,단축순례길_바닥_19000_-4000,StaticMeshComponent0,floor_or_route,False,84,17,True
StaticMeshActor_72,단축순례길_낙차난간_19000_-3000,StaticMeshComponent0,wall_or_railing,False,184,45,True
StaticMeshActor_78,단축순례길_바닥_20000_-5000,StaticMeshComponent0,floor_or_route,False,96,18,True
StaticMeshActor_79,단축순례길_낙차난간_20000_-5000,StaticMeshComponent0,wall_or_railing,False,644,122,True
StaticMeshActor_80,단축순례길_바닥_20000_-4000,StaticMeshComponent0,floor_or_route,False,96,17,True
StaticMeshActor_81,단축순례길_낙차난간_20000_-4000,StaticMeshComponent0,wall_or_railing,False,448,5,True
StaticMeshActor_82,단축순례길_바닥_20000_-3000,StaticMeshComponent0,floor_or_route,False,8,1,True
StaticMeshActor_83,단축순례길_낙차난간_20000_-3000,StaticMeshComponent0,wall_or_railing,False,376,42,True
StaticMeshActor_84,단축순례길_바닥_20000_-2000,StaticMeshComponent0,floor_or_route,False,12,2,True
StaticMeshActor_86,단축순례길_바닥_20000_-1000,StaticMeshComponent0,floor_or_route,False,24,5,True
StaticMeshActor_88,단축순례길_바닥_20000_0,StaticMeshComponent0,floor_or_route,False,64,13,True
StaticMeshActor_90,단축순례길_바닥_21000_-5000,StaticMeshComponent0,floor_or_route,False,96,16,True
StaticMeshActor_91,단축순례길_낙차난간_21000_-5000,StaticMeshComponent0,wall_or_railing,False,424,71,True
StaticMeshActor_92,단축순례길_바닥_21000_-4000,StaticMeshComponent0,floor_or_route,False,108,18,True
StaticMeshActor_93,단축순례길_낙차난간_21000_-4000,StaticMeshComponent0,wall_or_railing,False,612,75,True
StaticMeshActor_94,단축순례길_바닥_21000_-3000,StaticMeshComponent0,floor_or_route,False,32,7,True
StaticMeshActor_95,단축순례길_낙차난간_21000_-3000,StaticMeshComponent0,wall_or_railing,False,500,89,True
StaticMeshActor_96,단축순례길_바닥_21000_-2000,StaticMeshComponent0,floor_or_route,False,20,4,True
StaticMeshActor_97,단축순례길_낙차난간_21000_-2000,StaticMeshComponent0,wall_or_railing,False,80,15,True
StaticMeshActor_98,단축순례길_바닥_21000_-1000,StaticMeshComponent0,floor_or_route,False,8,1,True
StaticMeshActor_99,단축순례길_낙차난간_21000_-1000,StaticMeshComponent0,wall_or_railing,False,332,29,True
StaticMeshActor_100,단축순례길_바닥_22000_-5000,StaticMeshComponent0,floor_or_route,False,76,13,True
StaticMeshActor_101,단축순례길_낙차난간_22000_-5000,StaticMeshComponent0,wall_or_railing,False,424,71,True
StaticMeshActor_102,단축순례길_바닥_22000_-4000,StaticMeshComponent0,floor_or_route,False,80,14,True
StaticMeshActor_103,단축순례길_낙차난간_22000_-4000,StaticMeshComponent0,wall_or_railing,False,424,75,True
StaticMeshActor_104,단축순례길_바닥_22000_-3000,StaticMeshComponent0,floor_or_route,False,20,3,True
StaticMeshActor_105,단축순례길_낙차난간_22000_-3000,StaticMeshComponent0,wall_or_railing,False,352,60,True
StaticMeshActor_152,단축순례길_바닥_23000_-5000,StaticMeshComponent0,floor_or_route,False,24,5,True
StaticMeshActor_153,단축순례길_낙차난간_23000_-5000,StaticMeshComponent0,wall_or_railing,False,432,82,True
StaticMeshActor_154,단축순례길_바닥_23000_-4000,StaticMeshComponent0,floor_or_route,False,56,9,True
StaticMeshActor_158,단축순례길_낙차난간_23000_-4000,StaticMeshComponent0,wall_or_railing,False,296,50,True
StaticMeshActor_159,단축순례길_바닥_23000_-3000,StaticMeshComponent0,floor_or_route,False,120,17,True
StaticMeshActor_164,단축순례길_바닥_23000_-2000,StaticMeshComponent0,floor_or_route,False,20,3,True
StaticMeshActor_165,단축순례길_낙차난간_23000_-2000,StaticMeshComponent0,wall_or_railing,False,40,9,True
StaticMeshActor_221,단축순례길_바닥_24000_-4000,StaticMeshComponent0,floor_or_route,False,24,5,True
StaticMeshActor_222,단축순례길_낙차난간_24000_-4000,StaticMeshComponent0,wall_or_railing,False,512,96,True
StaticMeshActor_223,단축순례길_바닥_24000_-3000,StaticMeshComponent0,floor_or_route,False,16,3,True
StaticMeshActor_233,단축순례길_낙차난간_24000_-3000,StaticMeshComponent0,wall_or_railing,False,400,73,True
StaticMeshActor_235,단축순례길_낙차난간_19000_-4000,StaticMeshComponent0,wall_or_railing,False,36,1,True
StaticMeshActor_237,단축순례길_바닥_22000_-2000,StaticMeshComponent0,floor_or_route,False,12,2,True
StaticMeshActor_76,관찰유도_빈공간확장_기둥접속난간,StaticMeshComponent0,wall_or_railing,False,124,30,True
StaticMeshActor_74,V098_주변바닥_열린마당_15500_-1600,StaticMeshComponent0,floor_or_route,False,2406,549,True
StaticMeshActor_106,V098_주변바닥_열린마당_15500_-200,StaticMeshComponent0,floor_or_route,False,5256,1479,True
StaticMeshActor_112,V098_주변바닥_열린마당_16400_-3000,StaticMeshComponent0,floor_or_route,False,8,1,True
StaticMeshActor_117,V098_주변바닥_열린마당_16400_-200,StaticMeshComponent0,floor_or_route,False,20,4,True
StaticMeshActor_121,V098_주변바닥_열린마당_17800_-3000,StaticMeshComponent0,floor_or_route,False,28,6,True
StaticMeshActor_125,V098_주변바닥_열린마당_17800_-1600,StaticMeshComponent0,floor_or_route,False,16,3,True
StaticMeshActor_126,V098_주변바닥_열린마당_17800_-200,StaticMeshComponent0,floor_or_route,False,24,5,True
StaticMeshActor_127,V098_주변바닥_열린마당_19000_-3000,StaticMeshComponent0,floor_or_route,False,16,3,True
StaticMeshActor_130,V098_주변바닥_열린마당_19000_-1600,StaticMeshComponent0,floor_or_route,False,12,2,True
StaticMeshActor_131,V098_주변바닥_열린마당_19000_-200,StaticMeshComponent0,floor_or_route,False,24,5,True
StaticMeshActor_189,V098_분수_원형수조,StaticMeshComponent0,unclassified_geometry,False,256,64,True
StaticMeshActor_196,V098_분수_수조바닥,StaticMeshComponent0,floor_or_route,False,124,30,True
StaticMeshActor_203,V098_분수_중앙받침,StaticMeshComponent0,unclassified_geometry,False,60,14,True
StaticMeshActor_206,V098_분수_상부접시,StaticMeshComponent0,unclassified_geometry,False,92,22,True
StaticMeshActor_207,V098_입구테두리_-1,StaticMeshComponent0,unclassified_geometry,False,12,2,False
StaticMeshActor_208,V098_입구테두리_1,StaticMeshComponent0,unclassified_geometry,False,12,2,False
StaticMeshActor_213,V098_입구테두리_상부,StaticMeshComponent0,unclassified_geometry,False,12,2,False
StaticMeshActor_302,V099_호수_바닥,StaticMeshComponent0,floor_or_route,False,132,32,True
StaticMeshActor_313,V099_계단하부받침_12,StaticMeshComponent0,stairs_or_ramp,False,12,2,True
StaticMeshActor_315,V099_계단하부받침_13,StaticMeshComponent0,stairs_or_ramp,False,12,2,True
StaticMeshActor_317,V099_계단하부받침_14,StaticMeshComponent0,stairs_or_ramp,False,12,2,True
StaticMeshActor_319,V099_계단하부받침_15,StaticMeshComponent0,stairs_or_ramp,False,12,2,True
StaticMeshActor_321,V099_계단하부받침_16,StaticMeshComponent0,stairs_or_ramp,False,12,2,True
StaticMeshActor_323,V099_계단하부받침_17,StaticMeshComponent0,stairs_or_ramp,False,16,3,True
StaticMeshActor_325,V099_계단하부받침_18,StaticMeshComponent0,stairs_or_ramp,False,16,3,True
StaticMeshActor_327,V099_계단하부받침_19,StaticMeshComponent0,stairs_or_ramp,False,12,2,True
StaticMeshActor_329,V099_계단하부받침_20,StaticMeshComponent0,stairs_or_ramp,False,12,2,True
StaticMeshActor_331,V099_계단하부받침_21,StaticMeshComponent0,stairs_or_ramp,False,12,2,True
StaticMeshActor_333,V099_계단하부받침_22,StaticMeshComponent0,stairs_or_ramp,False,12,2,True
StaticMeshActor_335,V099_계단하부받침_23,StaticMeshComponent0,stairs_or_ramp,False,12,2,True
StaticMeshActor_337,V099_계단하부받침_24,StaticMeshComponent0,stairs_or_ramp,False,12,2,True
StaticMeshActor_339,V099_계단하부받침_25,StaticMeshComponent0,stairs_or_ramp,False,12,2,True
StaticMeshActor_341,V099_계단하부받침_26,StaticMeshComponent0,stairs_or_ramp,False,20,4,True
StaticMeshActor_343,V099_계단하부받침_27,StaticMeshComponent0,stairs_or_ramp,False,12,2,True
StaticMeshActor_345,V099_계단하부받침_28,StaticMeshComponent0,stairs_or_ramp,False,12,2,True
StaticMeshActor_2,V0911_분수마당_확장바닥,StaticMeshComponent0,floor_or_route,False,84,20,True
StaticMeshActor_3,V0911_합류외곽_연속안전난간,StaticMeshComponent0,wall_or_railing,False,1776,257,True
StaticMeshActor_4,V0911_정면접속_보존난간,StaticMeshComponent0,wall_or_railing,False,380,81,True
StaticMeshActor_5,V0912_계단호수_통합난간,StaticMeshComponent0,wall_or_railing,False,4960,863,True
StaticMeshActor_6,V0915_난간접합_옛길,StaticMeshComponent0,wall_or_railing,False,336,71,True
StaticMeshActor_7,V0915_난간접합_호수왼쪽,StaticMeshComponent0,wall_or_railing,False,212,4,True
