map,name,label,class,ue_x,ue_y,ue_z,glb_node_index,runtime_spawned
field,P02OutdoorReviewController_0,새맵전용_전투범위_기록_던전연결,/Script/P02Dungeon.P02OutdoorReviewController,0.0,0.0,0.0,45,False
field,P02ObservationPoint_0,관찰_틈새살펴보기,/Script/P02Dungeon.P02ObservationPoint,23305.0,-2280.0,3692.0,140,False
dungeon,MCP_TEST_TransformStair_Blocker,StaticMeshActor,/Script/Engine.StaticMeshActor,7900.0,1100.0,350.0,45,False
dungeon,MCP_TEST_TransformStair_Step_01,StaticMeshActor,/Script/Engine.StaticMeshActor,7354.5,1100.0,-180.0,46,False
dungeon,MCP_TEST_TransformStair_Step_02,StaticMeshActor,/Script/Engine.StaticMeshActor,7463.5,1100.0,-140.0,47,False
dungeon,MCP_TEST_TransformStair_Step_03,StaticMeshActor,/Script/Engine.StaticMeshActor,7572.5,1100.0,-100.0,48,False
dungeon,MCP_TEST_TransformStair_Step_04,StaticMeshActor,/Script/Engine.StaticMeshActor,7681.5,1100.0,-60.0,49,False
dungeon,MCP_TEST_TransformStair_Step_05,StaticMeshActor,/Script/Engine.StaticMeshActor,7790.5,1100.0,-20.0,50,False
dungeon,MCP_TEST_TransformStair_Step_06,StaticMeshActor,/Script/Engine.StaticMeshActor,7899.5,1100.0,20.0,51,False
dungeon,MCP_TEST_Candidate1_BigDoor,StaticMeshActor,/Script/Engine.StaticMeshActor,5850.0,150.0,-710.0,60,False
dungeon,MCP_TEST_TransformStair_Step_07,StaticMeshActor,/Script/Engine.StaticMeshActor,8008.5,1100.0,60.0,65,False
dungeon,MCP_TEST_TransformStair_Step_08,StaticMeshActor,/Script/Engine.StaticMeshActor,8117.5,1100.0,100.0,66,False
dungeon,MCP_TEST_TransformStair_Step_09,StaticMeshActor,/Script/Engine.StaticMeshActor,8226.5,1100.0,140.0,67,False
dungeon,MCP_TEST_TransformStair_Step_10,StaticMeshActor10,/Script/Engine.StaticMeshActor,8335.5,1100.0,180.0,68,False
dungeon,MCP_TEST_TransformStair_Step_11,StaticMeshActor11,/Script/Engine.StaticMeshActor,8444.5,1100.0,220.0,69,False
dungeon,P02_WallFade_LowerRoute,TriggerBox,/Script/Engine.TriggerBox,7300.0,1150.0,-530.0,82,False
dungeon,P02_FadeTarget_MidBoss_S,TriggerBox,/Script/Engine.TriggerBox,7950.0,100.0,375.0,109,False
dungeon,P02_FadeTarget_MidBoss_N,TriggerBox,/Script/Engine.TriggerBox,7950.0,2100.0,375.0,110,False
dungeon,P02_FadeTarget_MidBoss_E,TriggerBox,/Script/Engine.TriggerBox,9100.0,1100.0,375.0,111,False
dungeon,P02_FadeTarget_Bridge,TriggerBox,/Script/Engine.TriggerBox,4650.0,1100.0,400.0,112,False
dungeon,P02_WallFade_StairShaft,TriggerBox,/Script/Engine.TriggerBox,7900.0,1100.0,-280.0,132,False
dungeon,P02_FadeTarget_StairB,TriggerBox,/Script/Engine.TriggerBox,6264.5,1145.0,-405.0,133,False
dungeon,P02_EndTrigger,TriggerBox,/Script/Engine.TriggerBox,6350.0,150.0,-860.0,139,False
dungeon,P02_ColorPad_Red,StaticMeshActor,/Script/Engine.StaticMeshActor,5375.0,-50.0,-930.0,140,False
dungeon,P02_ColorPad_Green,StaticMeshActor,/Script/Engine.StaticMeshActor,5375.0,150.0,-930.0,141,False
dungeon,P02_ColorPad_Blue,StaticMeshActor,/Script/Engine.StaticMeshActor,5375.0,350.0,-930.0,142,False
dungeon,P02_WallFade_Lower,TriggerBox,/Script/Engine.TriggerBox,5360.0,850.0,-850.0,143,False
dungeon,P02_FadeTarget_All,TriggerBox,/Script/Engine.TriggerBox,4600.0,1450.0,-400.0,144,False
dungeon,P02_MidBossDoor,StaticMeshActor,/Script/Engine.StaticMeshActor,6300.0,1100.0,540.0,156,False
dungeon,P02_MidBossEnemySpawn,TriggerBox,/Script/Engine.TriggerBox,4600.0,1100.0,340.0,157,False
dungeon,P02_BridgeWeakSection_Deck,StaticMeshActor,/Script/Engine.StaticMeshActor,5250.0,1100.0,190.0,158,False
dungeon,P02_BridgeWeakSection_RailS,StaticMeshActor,/Script/Engine.StaticMeshActor,5250.0,650.0,370.0,159,False
dungeon,P02_BridgeWeakSection_RailN,StaticMeshActor,/Script/Engine.StaticMeshActor,5250.0,1550.0,370.0,160,False
dungeon,P02_WrongAnswerSpawn_NE,TriggerBox,/Script/Engine.TriggerBox,3000.0,500.0,-860.0,161,False
dungeon,P02_WrongAnswerSpawn_E,TriggerBox,/Script/Engine.TriggerBox,3000.0,-500.0,-860.0,162,False
dungeon,P02_WrongAnswerSpawn_SE,TriggerBox,/Script/Engine.TriggerBox,3000.0,-1500.0,-860.0,163,False
dungeon,MCP_TEST_Candidate1_BigDoor_Arch,StaticMeshActor,/Script/Engine.StaticMeshActor,5850.0,150.0,-460.0,191,False
dungeon,MCP_TEST_MidBossEnemy,P02PlaytestEnemy,/Script/P02Dungeon.P02PlaytestEnemy,7000.0,1100.0,340.0,209,True
dungeon,MCP_TEST_BridgeBreaker,P02BridgeBreaker,/Script/P02Dungeon.P02BridgeBreaker,0.0,0.0,0.0,,True
dungeon,MCP_TEST_ColorLock,P02ColorLockPuzzle,/Script/P02Dungeon.P02ColorLockPuzzle,0.0,0.0,0.0,,True
dungeon,MCP_TEST_MidBossInteraction,P02TransformStairInteraction,/Script/P02Dungeon.P02TransformStairInteraction,9150.0,1100.0,380.0,210,True
